# Gen Frequency (Hz), Gen Level (dBm), SA Level (dBm), Osc Voltage (V), S21 Gen-Sa (dB), S21 Gen-Det (dB), Det Level (dBm)
2.000000000000000000e+09,1.500000000000000000e+01,1.033504772186279297e+01,3.495123031250000345e-01
2.000000000000000000e+09,1.000000000000000000e+01,5.466771125793457031e+00,1.487626046874999941e-01
2.000000000000000000e+09,5.000000000000000000e+00,4.497424662113189697e-01,4.423771781250000062e-02
2.000000000000000000e+09,0.000000000000000000e+00,-4.580380439758300781e+00,4.374248406249999638e-03
2.000000000000000000e+09,-5.000000000000000000e+00,-9.446511268615722656e+00,-9.161481250000001351e-05
